,Host_gene,Nested_gene,exp_both,exp_U,ratio_coexp,exp_host,exp_nested
0,ahr-1,cylc-2,0,33,0.0,33,0
1,csn-2,B0025.5,2,507,0.0039447731755424065,507,2
2,gcy-35,T04D3.5,69,514,0.13424124513618677,69,514
3,let-363,B0261.5,0,495,0.0,495,0
4,let-363,B0261.6,2,495,0.00404040404040404,495,2
5,lin-35,C32F10.4,40,472,0.0847457627118644,469,43
6,cogc-1,mab-31,89,379,0.23482849604221637,340,128
7,npp-13,fpn-1.1,15,469,0.031982942430703626,468,16
8,npp-13,Y37E3.19,0,468,0.0,468,0
9,rbg-2,T22C1.11,397,483,0.8219461697722568,454,426
10,spe-15,gst-25,7,106,0.0660377358490566,101,12
11,spg-7,Y47G6A.15,46,369,0.12466124661246612,360,55
12,nefr-1,Y47G6A.13,0,6,0.0,0,6
13,tba-6,F32H2.7,4,46,0.08695652173913043,44,6
14,tom-1,ostd-1,151,505,0.299009900990099,154,502
15,trt-1,hlh-16,101,292,0.3458904109589041,138,255
16,unc-89,clec-89,1,131,0.007633587786259542,130,2
17,asfl-1,C03D6.9,126,332,0.3795180722891566,134,324
18,C15A11.2,col-35,0,1,0.0,1,0
19,C54G4.7,dod-18,177,428,0.4135514018691589,197,408
20,kcnl-2,srz-3,0,25,0.0,25,0
21,ercc-1,ncs-2,215,438,0.4908675799086758,275,378
22,uggt-2,hsp-70,14,291,0.048109965635738834,20,285
23,phm-2,F32B4.5,0,24,0.0,0,24
24,phip-1,twk-30,7,483,0.014492753623188406,483,7
25,F36A2.9,F36A2.10,9,370,0.024324324324324326,369,10
26,F53B6.7,F53B6.13,2,172,0.011627906976744186,3,171
27,pck-2,R11A5.6,0,429,0.0,429,0
28,rlbp-1,lron-9,68,452,0.1504424778761062,444,76
29,tiam-1,T21E12.5,7,50,0.14,49,8
30,eri-6,sosi-1,0,352,0.0,352,0
31,C50F2.2,abf-1,0,449,0.0,449,0
32,C50F2.2,abf-2,1,449,0.0022271714922048997,449,1
33,F25F8.1,glc-2,0,168,0.0,166,2
34,cpd-1,F59A3.8,0,190,0.0,190,0
35,teg-4,ser-3,59,502,0.11752988047808766,502,59
36,mtm-10,Y48G1C.6,0,139,0.0,0,139
37,herc-1,Y48G8AL.12,7,239,0.029288702928870293,233,13
38,herc-1,Y48G8AL.13,212,472,0.4491525423728814,233,451
39,herc-1,Y48G8AL.16,0,233,0.0,233,0
40,Y65B4A.2,Y65B4A.7,0,70,0.0,57,13
41,cogc-3,Y71F9AM.8,0,397,0.0,397,0
42,cogc-3,Y71F9AM.11,0,397,0.0,397,0
43,trpp-10,Y51F10.7,25,360,0.06944444444444445,358,27
44,ddx-27,Y71G12B.25,107,469,0.2281449893390192,462,114
45,ddx-27,mtig-1,0,462,0.0,462,0
46,aex-5,str-245,1,6,0.16666666666666666,4,3
47,arx-1,Y71F9AL.6,429,507,0.8461538461538461,497,439
48,arx-1,Y71F9AL.7,447,513,0.8713450292397661,497,463
49,arx-1,Y71F9AL.25,0,497,0.0,497,0
50,che-13,F59C6.8,5,122,0.040983606557377046,107,20
51,che-13,F59C6.16,10,137,0.072992700729927,107,40
52,dhs-3,gla-3,4,74,0.05405405405405406,38,40
53,hmr-1,Y52B11B.1,3,512,0.005859375,512,3
54,ins-36,Y53H1A.7,12,69,0.17391304347826086,39,42
55,let-526,F48C1.3,5,513,0.009746588693957114,513,5
56,lrk-1,mop-25.3,5,440,0.011363636363636364,439,6
57,lrk-1,T27C10.8,1,439,0.002277904328018223,439,1
58,mek-2,col-48,17,393,0.043256997455470736,390,20
59,mtk-1,srz-4,1,494,0.0020242914979757085,494,1
60,parp-1,Y71F9AL.2,11,355,0.030985915492957747,354,12
61,rab-11.2,W04G5.5,0,1,0.0,1,0
62,sop-3,Y71F9B.1,98,500,0.196,500,98
63,asd-2,C48B6.4,0,320,0.0,320,0
64,unc-55,F55D12.6,0,0,0,0,0
65,unc-73,F55C7.2,0,470,0.0,470,0
66,scpl-1,B0379.6,0,47,0.0,47,0
67,C03D6.1,rpl-24.2,14,510,0.027450980392156862,14,510
68,ocrl-1,eat-16,386,509,0.7583497053045186,388,507
69,C17H1.2,Y26D4A.21,0,1,0.0,1,0
70,C41G7.7,C41G7.15,8,93,0.08602150537634409,22,79
71,dpt-1,sod-2,427,497,0.8591549295774648,469,455
72,tnsl-1,K02B12.6,0,7,0.0,0,7
73,tnsl-1,K02B12.9,0,9,0.0,0,9
74,T01G9.2,dma-1,300,507,0.591715976331361,502,305
75,T19A6.1,ser-5,7,504,0.013888888888888888,504,7
76,T28F4.4,T28F4.5,253,453,0.5584988962472406,418,288
77,T28F4.4,T28F4.8,1,418,0.0023923444976076554,418,1
78,vps-25,toe-4,478,512,0.93359375,511,479
79,Y6B3B.9,Y6B3B.7,30,342,0.08771929824561403,328,44
80,dus-2,gid-1,0,399,0.0,399,0
81,catp-1,Y105E8A.27,0,13,0.0,12,1
82,Y106G6G.2,dlc-6,0,48,0.0,48,0
83,kri-1,T02E1.8,9,96,0.09375,17,88
84,pigo-1,mbd-2,0,496,0.0,0,496
85,C32E8.9,C32E8.1,3,157,0.01910828025477707,157,3
86,C32E12.4,C32E12.1,1,59,0.01694915254237288,59,1
87,F27C1.6,F27C1.3,0,490,0.0,490,0
88,F27C1.6,F27C1.4,397,502,0.7908366533864541,490,409
89,F27C1.11,F27C1.1,0,10,0.0,7,3
90,eme-1,sago-2,4,420,0.009523809523809525,420,4
91,eme-1,Y65B4A.4,0,420,0.0,420,0
92,nmtn-1,sulp-1,2,194,0.010309278350515464,192,4
93,vps-4,npr-23,8,412,0.019417475728155338,407,13
94,tpxl-1,epg-2,413,511,0.8082191780821918,413,511
95,mbtr-1,Y48G1A.2,13,156,0.08333333333333333,142,27
96,abtm-1,Y74C10AR.2,2,368,0.005434782608695652,368,2
97,ZC581.9,C17F3.1,0,6,0.0,5,1
98,C06A5.12,C06A5.2,2,35,0.05714285714285714,34,3
99,F53B6.13,F53B6.5,1,171,0.005847953216374269,171,1
100,gst-9,msp-33,1,1,1.0,1,1
101,kel-1,tars-1,239,474,0.5042194092827004,279,434
102,let-858,F33A8.7,156,503,0.3101391650099404,496,163
103,apc-1,glb-4,0,2,0.0,0,2
104,mix-1,VM106R.1,27,509,0.05304518664047151,509,27
105,plc-3,srh-135,0,83,0.0,83,0
106,pqn-35,clec-136,0,25,0.0,24,1
107,pqn-35,clec-137,0,24,0.0,24,0
108,pqn-35,clec-138,0,24,0.0,24,0
109,pqn-35,clec-139,1,24,0.041666666666666664,24,1
110,ptr-18,Y38F1A.4,2,65,0.03076923076923077,27,40
111,rsp-7,marc-2,0,501,0.0,501,0
112,cpna-1,mth-2,0,87,0.0,84,3
113,cpna-1,mth-1,0,84,0.0,84,0
114,tps-2,F19H8.2,9,70,0.12857142857142856,61,18
115,zyg-1,bli-2,8,447,0.017897091722595078,446,9
116,utp-20,lron-15,41,469,0.08742004264392324,465,45
117,mks-5,C09G5.14,0,93,0.0,93,0
118,C26D10.3,hel-1,389,514,0.7568093385214008,389,514
119,xpf-1,inos-1,262,458,0.5720524017467249,381,339
120,ilkp-1,F45E10.2,0,215,0.0,0,215
121,R05H10.3,Y53F4A.2,0,186,0.0,186,0
122,T01E8.8,ubxn-5,0,37,0.0,36,1
123,T26C5.3,T26C5.5,19,422,0.045023696682464455,417,24
124,VF13D12L.3,fcmt-1,0,226,0.0,226,0
125,rga-1,klp-17,2,443,0.004514672686230248,443,2
126,Y48C3A.5,ztf-22,29,400,0.0725,37,392
127,Y53F4B.25,Y53F4B.26,0,12,0.0,12,0
128,Y54E2A.4,Y54E2A.5,1,290,0.0034482758620689655,289,2
129,Y54E2A.4,Y54E2A.7,0,289,0.0,289,0
130,B0286.1,fkh-6,3,424,0.007075471698113208,423,4
131,lelo-4,C18A3.10,0,105,0.0,0,105
132,sptl-1,tre-5,3,486,0.006172839506172839,486,3
133,C27D6.1,C27D6.3,0,14,0.0,12,2
134,C32B5.7,C32B5.13,3,292,0.010273972602739725,290,5
135,sec-6,F09E5.12,14,499,0.028056112224448898,499,14
136,sec-6,F09E5.16,29,500,0.058,499,30
137,nep-13,scl-15,0,1,0.0,1,0
138,F41C3.7,F41C3.11,0,49,0.0,1,48
139,K01A2.4,mps-2,475,510,0.9313725490196079,477,508
140,lect-2,K05F1.14,0,305,0.0,305,0
141,npp-21,osm-8,3,484,0.006198347107438017,483,4
142,T02G5.3,mct-5,12,267,0.0449438202247191,258,21
143,T19D12.4,T19D12.5,1,4,0.25,4,1
144,lgc-45,W10G11.1,1,2,0.5,2,1
145,lgc-45,W10G11.2,0,2,0.0,2,0
146,lgc-45,W10G11.3,0,2,0.0,2,0
147,T01D1.8,T01D1.5,0,88,0.0,88,0
148,acr-7,T09A5.4,49,320,0.153125,60,309
149,age-1,Y62F5A.10,3,382,0.007853403141361256,382,3
150,pah-1,K08F8.15,0,88,0.0,88,0
151,col-72,W09G10.9,0,2,0.0,2,0
152,cyn-11,T01B7.13,6,464,0.01293103448275862,464,6
153,gcy-5,srlf-34,0,1,0.0,1,0
154,glr-4,srlf-1,0,45,0.0,45,0
155,him-14,nos-2,4,91,0.04395604395604396,6,89
156,ire-1,unc-105,33,429,0.07692307692307693,427,35
157,npp-3,col-84,10,463,0.02159827213822894,463,10
158,pld-1,txt-9,0,334,0.0,334,0
159,scc-2,cat-2,0,3,0.0,0,3
160,rpt-4,nfyc-1,480,513,0.935672514619883,481,512
161,unc-52,hhat-1,37,172,0.21511627906976744,116,93
162,dph-2,bli-1,0,252,0.0,252,0
163,dph-2,col-39,6,255,0.023529411764705882,252,9
164,dph-2,col-79,0,252,0.0,252,0
165,dph-2,col-80,1,252,0.003968253968253968,252,1
166,stg-1,C18D1.2,2,22,0.09090909090909091,18,6
167,sftd-3,cal-2,24,490,0.04897959183673469,486,28
168,rict-1,pqn-32,10,250,0.04,238,22
169,F35C11.2,F35C11.3,0,1,0.0,1,0
170,dhgd-1,dnj-13,0,502,0.0,0,502
171,dhgd-1,F54D5.7,0,449,0.0,0,449
172,T05C12.11,T05C12.15,0,4,0.0,1,3
173,T13H5.1,M05D6.9,4,96,0.041666666666666664,96,4
174,T23G7.2,dpl-1,432,499,0.8657314629258517,479,452
175,cacn-1,K09E4.1,0,508,0.0,508,0
176,set-24,Y43F11A.4,0,27,0.0,27,0
177,tric-1B.1,Y57A10A.26,117,390,0.3,170,337
178,vps-15,ZK930.7,1,479,0.0020876826722338203,479,1
179,clpp-1,mdt-22,437,512,0.853515625,437,512
180,C25H3.11,flp-27,18,160,0.1125,73,105
181,C32D5.8,txt-18,0,507,0.0,507,0
182,epg-5,vps-33.2,6,451,0.013303769401330377,6,451
183,F10G7.10,F41C3.8,19,338,0.05621301775147929,337,20
184,nep-12,F26G1.11,5,43,0.11627906976744186,32,16
185,agr-1,nlp-50,40,296,0.13513513513513514,291,45
186,agr-1,F41G3.18,21,301,0.06976744186046512,291,31
187,K02F6.7,K02F6.5,0,36,0.0,7,29
188,K02F6.7,K02F6.6,0,7,0.0,7,0
189,K10B4.3,srt-54,0,205,0.0,204,1
190,tat-4,T24H7.8,70,328,0.21341463414634146,151,247
191,del-10,T28D9.4,0,48,0.0,12,36
192,del-10,T28D9.16,0,12,0.0,12,0
193,Y51H7C.12,scl-17,1,50,0.02,50,1
194,Y59C2A.2,C33C12.1,0,8,0.0,8,0
195,gtap-1,col-74,0,73,0.0,0,73
196,C01B9.4,C01B9.1,0,8,0.0,0,8
197,byn-1,F57B9.8,16,505,0.031683168316831684,504,17
198,cku-70,Y47D3A.31,0,419,0.0,419,0
199,cup-5,R13A5.15,1,396,0.0025252525252525255,395,2
200,eat-4,ZK512.7,1,1,1.0,1,1
201,gop-3,C34E10.9,0,505,0.0,505,0
202,mcm-6,srxa-10,0,381,0.0,381,0
203,ncl-1,ZK112.4,0,449,0.0,449,0
204,ncr-2,col-91,0,5,0.0,4,1
205,rgr-1,nlp-48,28,495,0.05656565656565657,493,30
206,sma-2,tomm-70,0,71,0.0,71,0
207,tkr-1,C38C10.3,1,4,0.25,4,1
208,trp-2,R06B10.7,0,16,0.0,16,0
209,zfp-1,F54F2.6,0,513,0.0,513,0
210,cbp-3,F40F12.3,0,0,0,0,0
211,M03C11.3,hat-1,310,461,0.6724511930585684,365,406
212,cisd-3.1,M88.3,1,359,0.002785515320334262,358,2
213,dhc-4,col-92,0,13,0.0,13,0
214,dhc-4,col-93,0,16,0.0,13,3
215,dhc-4,col-94,0,13,0.0,13,0
216,ZC84.7,cls-3,28,435,0.06436781609195402,31,432
217,lgc-37,BE10.1,0,1,0.0,0,1
218,famh-136,ZK637.14,0,511,0.0,0,511
219,prp-40,mrps-23,0,458,0.0,0,458
220,ggtb-1,B0280.17,8,495,0.01616161616161616,495,8
221,cwf-19L2,B0361.9,0,94,0.0,0,94
222,cwf-19L2,B0361.14,0,0,0,0,0
223,elf-1,sel-15,0,74,0.0,74,0
224,pals-24,C29F9.12,1,19,0.05263157894736842,6,14
225,yju-2,F37C12.14,0,2,0.0,0,2
226,K02D10.1,K02D10.2,3,495,0.006060606060606061,495,3
227,K02D10.1,K02D10.3,51,495,0.10303030303030303,495,51
228,K04C2.2,K04C2.5,22,418,0.05263157894736842,418,22
229,osg-1,R02F2.8,1,105,0.009523809523809525,105,1
230,cdh-1,R10F2.4,3,109,0.027522935779816515,108,4
231,cdh-1,R10F2.5,0,108,0.0,108,0
232,amdh-1,srg-1,0,2,0.0,0,2
233,amdh-1,srg-2,0,0,0,0,0
234,amdh-1,srg-3,0,1,0.0,0,1
235,amdh-1,srg-4,0,0,0,0,0
236,amdh-1,srg-5,0,2,0.0,0,2
237,amdh-1,srg-6,0,1,0.0,0,1
238,amdh-1,srg-7,0,17,0.0,0,17
239,amdh-1,srg-8,0,0,0,0,0
240,amdh-1,srg-9,0,2,0.0,0,2
241,Y22D7AL.4,Y22D7AL.11,1,26,0.038461538461538464,26,1
242,Y50D7A.1,ads-1,23,196,0.11734693877551021,70,149
243,nhr-239,Y54F10AM.11,1,32,0.03125,28,5
244,cdh-12,eak-3,0,99,0.0,96,3
245,acsd-1,lgc-46,0,92,0.0,91,1
246,cox-6B,laf-1,0,467,0.0,0,467
247,cox-6B,tmem-132,0,0,0,0,0
248,cox-6B,Y71H2AM.11,0,437,0.0,0,437
249,cox-6B,Y71H2AM.12,0,23,0.0,0,23
250,cox-6B,cest-25,0,0,0,0,0
251,cox-6B,Y71H2AM.14,0,13,0.0,0,13
252,cox-6B,gldi-9,0,0,0,0,0
253,cox-6B,pho-9,0,25,0.0,0,25
254,cox-6B,swsn-3,0,496,0.0,0,496
255,cox-6B,Y71H2AM.20,0,492,0.0,0,492
256,Y82E9BR.5,pals-20,0,2,0.0,2,0
257,fbxa-208,fbxa-78,0,0,0,0,0
258,F42A10.9,efk-1,33,452,0.07300884955752213,37,448
259,T24C4.8,T24C4.4,8,37,0.21621621621621623,30,15
260,F40G9.17,W10C4.1,3,57,0.05263157894736842,49,11
261,T16G12.12,T16G12.10,2,17,0.11764705882352941,15,4
262,R02F2.10,R02F2.6,0,0,0,0,0
263,apb-1,gpa-17,78,505,0.15445544554455445,504,79
264,dpy-19,F22B7.1,3,300,0.01,300,3
265,dyf-2,sid-2,1,76,0.013157894736842105,76,1
266,emb-30,F54C8.1,0,501,0.0,501,0
267,isw-1,F37A4.6,6,458,0.013100436681222707,457,7
268,osm-12,Y75B8A.44,1,76,0.013157894736842105,68,9
269,pat-12,idpp-1,0,77,0.0,77,0
270,pbo-1,Y71H2AL.4,0,41,0.0,41,0
271,pqn-83,Y39E4B.13,2,402,0.004975124378109453,402,2
272,sel-2,mab-21,164,495,0.33131313131313134,493,166
273,twk-7,fip-1,1,13,0.07692307692307693,11,3
274,zmp-1,EGAP1.5,0,64,0.0,64,0
275,pfas-1,lron-5,0,6,0.0,0,6
276,pfas-1,clec-151,0,1,0.0,0,1
277,pfas-1,clec-153,0,0,0,0,0
278,evl-18,F34D10.3,387,514,0.7529182879377432,388,513
279,evl-18,F34D10.8,2,388,0.005154639175257732,388,2
280,F55H2.7,F55H2.8,0,377,0.0,377,0
281,pitp-1,rpl-37,121,352,0.34375,227,246
282,gcc-2,rmd-1,146,415,0.35180722891566263,365,196
283,hip-1,T12D8.9,85,496,0.17137096774193547,496,85
284,abcf-2,tag-164,1,508,0.001968503937007874,508,1
285,T28D6.6,T28D6.5,55,390,0.14102564102564102,387,58
286,Y37D8A.6,Y37D8A.8,1,38,0.02631578947368421,38,1
287,rbm-7,Y37D8A.19,0,0,0,0,0
288,Y39A1A.9,Y39A1A.10,0,47,0.0,47,0
289,set-25,F56A8.8,170,464,0.36637931034482757,450,184
290,faah-4,sdz-33,287,473,0.6067653276955602,450,310
291,nars-2,Y66D12A.24,94,350,0.26857142857142857,327,117
292,Y79H2A.3,Y79H2A.4,0,471,0.0,471,0
293,ZK512.2,ZK512.11,322,499,0.6452905811623246,465,356
294,B0303.11,B0303.16,0,3,0.0,3,0
295,tag-250,C29E4.14,0,389,0.0,389,0
296,tag-250,C29E4.17,3,389,0.007712082262210797,389,3
297,F26A1.7,F26A1.4,0,26,0.0,0,26
298,F26A1.9,F26A1.3,4,12,0.3333333333333333,5,11
299,F26F4.9,F26F4.2,3,497,0.006036217303822937,497,3
300,R01H2.4,R01H2.1,0,58,0.0,58,0
301,R05D3.9,R05D3.3,6,318,0.018867924528301886,318,6
302,polq-1,ceh-10,29,233,0.12446351931330472,215,47
303,wht-7,Y42G9A.2,4,46,0.08695652173913043,35,15
304,wht-7,Y42G9A.3,12,68,0.17647058823529413,35,45
305,ztf-8,ZC395.4,1,463,0.0021598272138228943,463,1
306,cal-4,C02F4.5,0,7,0.0,7,0
307,ccr-4,ZC518.8,4,508,0.007874015748031496,508,4
308,dhs-12,msp-38,1,163,0.006134969325153374,163,1
309,alp-1,T11B7.5,0,81,0.0,81,0
310,gex-2,F56A11.6,0,509,0.0,509,0
311,pqn-75,W03D2.9,9,214,0.04205607476635514,196,27
312,spp-10,hlh-12,1,185,0.005405405405405406,183,3
313,dgk-4,F42A9.9,2,295,0.006779661016949152,295,2
314,tpa-1,B0545.4,14,161,0.08695652173913043,160,15
315,svh-1,C07G1.6,0,7,0.0,6,1
316,svh-1,C07G1.7,0,7,0.0,6,1
317,unc-82,B0496.11,0,123,0.0,121,2
318,B0564.2,best-1,8,329,0.0243161094224924,328,9
319,pdzd-8,col-119,0,3,0.0,0,3
320,F07C6.4,M02B1.4,1,337,0.002967359050445104,337,1
321,ugt-65,col-130,1,25,0.04,10,16
322,gba-3,grl-24,7,68,0.10294117647058823,68,7
323,gba-3,F11E6.9,15,106,0.14150943396226415,68,53
324,nish-1,F13E9.11,0,461,0.0,0,461
325,F56D5.6,F56D5.5,1,36,0.027777777777777776,10,27
326,rga-5,H08M01.1,0,69,0.0,69,0
327,K01A6.6,K01A6.4,1,15,0.06666666666666667,15,1
328,K01A6.6,K01A6.7,6,16,0.375,15,7
329,K01A6.6,K01A6.8,0,15,0.0,15,0
330,R10H10.3,spe-26,2,22,0.09090909090909091,15,9
331,R102.3,R102.8,0,0,0,0,0
332,T25B9.9,inpp-1,77,382,0.20157068062827224,357,102
333,T28C6.7,T28C6.8,150,506,0.2964426877470356,505,151
334,T28C6.7,T28C6.11,227,507,0.4477317554240631,505,229
335,atln-2,dpy-4,0,12,0.0,11,1
336,fcd-2,Y41E3.8,363,514,0.7062256809338522,363,514
337,Y43C5B.3,Y43C5B.2,0,4,0.0,4,0
338,afmd-2,puf-3,2,124,0.016129032258064516,115,11
339,Y51H4A.25,Y51H4A.24,0,26,0.0,0,26
340,Y105C5A.13,Y105C5A.12,1,1,1.0,1,1
341,C52D10.3,col-138,0,17,0.0,17,0
342,test-1,C54E4.12,17,226,0.0752212389380531,193,50
343,atic-1,ilys-4,9,83,0.10843373493975904,19,73
344,aagr-1,D2096.6,6,66,0.09090909090909091,13,59
345,drl-1,col-101,3,14,0.21428571428571427,4,13
346,F28F9.3,cal-3,2,12,0.16666666666666666,8,6
347,irld-7,nspb-1,0,3,0.0,2,1
348,clec-78,F47C12.6,0,134,0.0,134,0
349,clec-78,F47C12.7,1,134,0.007462686567164179,134,1
350,clec-78,F47C12.8,0,134,0.0,134,0
351,clec-78,W02C12.2,23,198,0.11616161616161616,134,87
352,clec-78,F47C12.13,0,134,0.0,134,0
353,lgc-30,F58H7.1,0,7,0.0,2,5
354,R08C7.12,R08C7.11,0,68,0.0,68,0
355,ell-1,Y24D9A.6,0,454,0.0,454,0
356,ell-1,Y24D9A.7,0,454,0.0,454,0
357,frm-5.2,Y38C1AB.5,0,22,0.0,0,22
358,clec-85,Y54G2A.49,1,66,0.015151515151515152,66,1
359,clec-84,Y54G2A.15,0,0,0,0,0
360,Y69A2AR.16,Y69A2AR.22,2,425,0.004705882352941176,425,2
361,exos-2,Y73B6BL.22,1,389,0.002570694087403599,388,2
362,bcc-1,M7.7,0,3,0.0,2,1
363,cyn-13,Y116A8C.33,0,511,0.0,511,0
364,daf-10,flp-1,13,134,0.09701492537313433,73,74
365,frm-5.1,Y38C1AB.1,0,357,0.0,357,0
366,gtl-1,C05C12.1,12,24,0.5,14,22
367,xpo-3,C49H3.16,27,392,0.06887755102040816,387,32
368,klp-12,T01G1.2,80,507,0.15779092702169625,506,81
369,lad-2,Y54G2A.57,0,112,0.0,112,0
370,npp-8,Y41D4B.14,285,481,0.5925155925155925,467,299
371,skn-1,clec-178,11,452,0.024336283185840708,452,11
372,F56B3.4,F56B3.6,8,429,0.018648018648018648,428,9
373,smg-3,Y73B6BL.270,17,453,0.037527593818984545,453,17
374,soc-2,C24D10.5,86,309,0.2783171521035599,222,173
375,tag-30,F38H4.5,0,512,0.0,512,0
376,qns-1,col-124,15,368,0.04076086956521739,368,15
377,mogs-1,F13H10.8,326,456,0.7149122807017544,380,402
378,F21D5.5,F21D5.4,260,481,0.5405405405405406,467,274
379,cutl-17,cpin-1,11,101,0.10891089108910891,27,85
380,lron-14,col-122,0,13,0.0,7,6
381,catp-6,col-123,0,220,0.0,220,0
382,tbc-9,Y38H8A.1,139,476,0.2920168067226891,471,144
383,tbc-9,Y45F10A.7,79,478,0.16527196652719664,471,86
384,lact-9,iscu-1,0,421,0.0,421,0
385,Y116A8C.27,Y116A8C.29,25,390,0.0641025641025641,387,28
386,ufl-1,C06G3.3,0,505,0.0,505,0
387,C34H4.5,col-107,14,153,0.0915032679738562,109,58
388,C46A5.4,col-14,1,59,0.01694915254237288,9,51
389,C46A5.6,del-7,5,56,0.08928571428571429,55,6
390,C49C8.5,C49C8.2,0,18,0.0,13,5
391,C49C8.5,C49C8.8,0,13,0.0,13,0
392,F15E6.9,F15E6.3,1,5,0.2,2,4
393,F19C7.8,R105.1,0,49,0.0,47,2
394,F19C7.8,R105.5,0,47,0.0,47,0
395,F32E10.5,cec-4,466,510,0.9137254901960784,470,506
396,F36H12.17,slfl-4,0,8,0.0,8,0
397,F36H12.17,F36H12.3,0,9,0.0,8,1
398,F36H12.17,F36H12.4,0,9,0.0,8,1
399,hda-6,F41H10.5,21,499,0.04208416833667335,499,21
400,R05G6.10,R05G6.1,2,205,0.00975609756097561,204,3
401,T22D1.8,T22D1.5,5,43,0.11627906976744186,6,42
402,Y4C6A.3,Y4C6A.4,0,28,0.0,27,1
403,Y41D4A.7,Y41D4A.3,0,484,0.0,0,484
404,Y54G2A.12,Y54G2A.72,4,36,0.1111111111111111,21,19
405,nprt-1,dml-1,51,298,0.17114093959731544,294,55
406,gbb-2,ZK180.7,7,89,0.07865168539325842,72,24
407,F58D2.5,F58D2.2,20,91,0.21978021978021978,62,49
408,Y67D8C.22,Y67D8C.2,0,11,0.0,11,0
409,cpi-2,R01B10.3,23,514,0.04474708171206226,514,23
410,egl-47,fipr-11,0,2,0.0,1,1
411,xpo-1,ZK742.3,159,502,0.31673306772908366,500,161
412,xpo-1,ZK742.4,113,503,0.22465208747514911,500,116
413,lin-25,W05B10.6,2,510,0.00392156862745098,510,2
414,mig-6,txt-5,0,207,0.0,207,0
415,mig-6,C37C3.12,4,209,0.019138755980861243,207,6
416,mig-6,ttr-33,0,209,0.0,207,2
417,phy-3,tni-3,0,24,0.0,0,24
418,plc-2,Y75B12B.13,0,37,0.0,37,0
419,sec-23,nlp-69,0,463,0.0,463,0
420,srd-27,T26E4.18,0,0,0,0,0
421,twk-10,spp-20,0,1,0.0,1,0
422,twk-10,spp-26,0,1,0.0,1,0
423,twk-10,K04A8.19,0,1,0.0,1,0
424,twk-10,spp-27,0,1,0.0,1,0
425,kcnl-4,tag-191,0,7,0.0,6,1
426,clec-55,R02D5.7,0,1,0.0,0,1
427,prde-1,glb-14,1,23,0.043478260869565216,21,3
428,F23H12.5,fipr-1,0,18,0.0,18,0
429,mpst-3,H12D21.6,13,335,0.03880597014925373,335,13
430,H12D21.10,H12D21.9,6,198,0.030303030303030304,195,9
431,T01D3.3,hlh-34,30,227,0.13215859030837004,222,35
432,W06A7.4,nspa-8,4,101,0.039603960396039604,96,9
433,mltn-11,srw-76,0,0,0,0,0
434,set-22,snf-10,0,20,0.0,20,0
435,Y42A5A.1,lact-8,15,59,0.2542372881355932,19,55
436,Y42A5A.1,Y42A5A.3,0,25,0.0,19,6
437,Y43F8B.3,phy-4,1,64,0.015625,61,4
438,Y43F8B.3,Y43F8B.19,0,61,0.0,61,0
439,cubn-1,cyc-2.2,0,10,0.0,0,10
440,cubn-1,F56H9.9,0,1,0.0,0,1
441,ogdh-2,lon-3,18,465,0.03870967741935484,463,20
442,ogdh-2,ZK836.3,96,470,0.20425531914893616,463,103
443,C37H5.5,C37H5.14,0,466,0.0,466,0
444,C50E3.5,C50E3.6,13,161,0.08074534161490683,154,20
445,cwf-19L1,F17A9.4,0,489,0.0,0,489
446,cwf-19L1,F17A9.5,0,41,0.0,0,41
447,ints-9,ets-6,0,495,0.0,0,495
448,F20A1.2,F20A1.8,0,2,0.0,1,1
449,F40A3.1,F40A3.6,1,50,0.02,20,31
450,smk-1,fip-4,0,505,0.0,505,0
451,rnst-2,str-67,0,0,0,0,0
452,rnst-2,K10C9.7,0,2,0.0,0,2
453,R13D11.4,R13D11.10,0,24,0.0,24,0
454,cest-24,T28C12.15,0,0,0,0,0
455,W08A12.3,W08A12.2,45,202,0.22277227722772278,186,61
456,Y32G9A.2,Y32G9A.12,0,1,0.0,1,0
457,Y47D7A.3,Y47D7A.17,0,0,0,0,0
458,Y61A9LA.3,hpo-39,7,495,0.014141414141414142,495,7
459,algn-12,ZC513.14,0,2,0.0,0,2
460,T13F3.8,T13F3.6,0,2,0.0,2,0
461,avr-15,R11G10.4,0,30,0.0,30,0
462,cng-1,F14H8.8,16,78,0.20512820512820512,72,22
463,csn-1,Y59A8A.8,0,471,0.0,471,0
464,dnj-25,srxa-1,0,319,0.0,319,0
465,dnj-25,srxa-6,0,319,0.0,319,0
466,emb-4,ceh-51,131,484,0.2706611570247934,478,137
467,gcy-13,fipr-2,0,12,0.0,8,4
468,gcy-33,C52E4.12,0,38,0.0,38,0
469,gly-4,Y116F11B.13,1,353,0.0028328611898017,353,1
470,max-1,acly-2,65,246,0.26422764227642276,196,115
471,mec-9,fipr-10,3,11,0.2727272727272727,10,4
472,pkc-1,F10C2.3,2,112,0.017857142857142856,111,3
473,ketn-1,F54E2.2,27,204,0.1323529411764706,136,95
474,str-81,fbxb-1,35,206,0.16990291262135923,121,120
475,str-81,fbxb-116,38,235,0.16170212765957448,121,152
476,str-81,sqst-3,0,121,0.0,121,0
477,ttn-1,exp-2,10,201,0.04975124378109453,189,22
478,mrck-1,K08B12.1,36,499,0.07214428857715431,498,37
479,vps-54,del-6,41,435,0.09425287356321839,435,41
480,lgc-31,F21A3.3,1,43,0.023255813953488372,19,25
481,F21H7.3,clec-233,47,156,0.30128205128205127,154,49
482,uig-1,F32F2.4,0,224,0.0,224,0
483,F53E4.1,F53E4.2,1,275,0.0036363636363636364,275,1
484,F53F4.2,F53F4.17,0,4,0.0,4,0
485,yif-1,str-118,0,477,0.0,477,0
486,ric-7,droe-4,1,191,0.005235602094240838,189,3
487,aman-2,F58H1.2,58,486,0.11934156378600823,482,62
488,nphp-4,pho-8,3,121,0.024793388429752067,121,3
489,nphp-4,idpb-5,0,121,0.0,121,0
490,nphp-4,R13H4.2,4,129,0.031007751937984496,121,12
491,nspg-1,T07F10.5,0,122,0.0,0,122
492,T16G1.9,T16G1.13,0,437,0.0,437,0
493,ipla-3,Y44A6C.2,119,388,0.30670103092783507,347,160
494,fbxa-209,Y36E3A.2,1,2,0.5,1,2
495,fars-2,Y116F11B.14,0,229,0.0,229,0
496,Y116F11B.9,Y116F11B.8,2,12,0.16666666666666666,10,4
497,cest-2.3,ceh-74,0,391,0.0,0,391
498,cest-2.3,ZC376.8,0,8,0.0,0,8
499,B0554.7,B0554.1,2,14,0.14285714285714285,12,4
500,mct-2,C01B4.8,0,0,0,0,0
501,C03A7.13,C03A7.2,0,11,0.0,2,9
502,C18C4.7,glb-5,0,8,0.0,2,6
503,H10D18.5,H10D18.1,10,59,0.1694915254237288,15,54
504,acl-14,K07B1.4,61,476,0.12815126050420167,471,66
505,Y45G5AM.9,nhr-114,84,413,0.2033898305084746,412,85
506,Y73C8B.2,Y73C8B.9,2,388,0.005154639175257732,388,2
507,Y75B7AL.2,glb-33,8,39,0.20512820512820512,16,31
508,F43D2.6,F43D2.3,1,30,0.03333333333333333,28,3
509,W03F9.11,W03F9.9,1,17,0.058823529411764705,12,6
510,folt-3,clec-213,0,1,0.0,1,0
511,him-4,F15G9.5,5,60,0.08333333333333333,19,46
512,jkk-1,F35C8.8,0,110,0.0,110,0
513,prx-1,C11H1.9,42,224,0.1875,60,206
514,tmbi-4,B0563.7,3,442,0.006787330316742082,442,3
515,F11C1.4,F11C1.9,0,5,0.0,0,5
516,psa-3,pqn-36,0,69,0.0,56,13
517,lge-1,K09C8.9,5,18,0.2777777777777778,10,13
518,ucr-2.2,col-41,0,438,0.0,438,0
519,T14G8.3,T14G8.4,2,503,0.003976143141153081,503,2
520,T14G8.3,T14G8.6,0,503,0.0,503,0
521,sulp-7,W04G3.7,0,3,0.0,3,0
522,W07E11.1,flp-2,0,257,0.0,254,3
523,W07E11.1,flp-3,1,254,0.003937007874015748,254,1
524,W07E11.1,flp-28,3,256,0.01171875,254,5
525,C15H9.4,C15H9.11,23,317,0.07255520504731862,302,38
526,pcyt-1,F08C6.18,0,462,0.0,462,0
527,endu-2,kqt-2,2,12,0.16666666666666666,5,9
528,T01B6.1,nlp-2,0,68,0.0,66,2
529,T01B6.1,nlp-22,0,66,0.0,66,0
530,T01B6.1,nlp-23,0,66,0.0,66,0
531,T01B6.1,nlp-45,5,71,0.07042253521126761,66,10
532,svh-2,aaim-1,0,165,0.0,165,0
533,ZK470.2,ZK470.4,0,466,0.0,466,0
534,F11C1.10,F11C1.9,0,5,0.0,0,5
535,dhs-30,T25G12.3,6,258,0.023255813953488372,254,10
536,irk-2,M02A10.1,0,16,0.0,14,2
537,plc-1,F31B12.4,6,48,0.125,31,23
538,sel-7,K04G11.1,0,25,0.0,25,0
539,C44H4.4,let-4,233,464,0.5021551724137931,415,282
540,C44H4.4,sym-1,212,458,0.462882096069869,415,255
541,C44H4.4,lron-1,39,419,0.09307875894988067,415,43
542,F13D2.1,gnrr-6,1,40,0.025,29,12
543,F13D2.1,gnrr-7,0,38,0.0,29,9
544,F15G9.2,F15G9.6,0,0,0,0,0
545,nhr-27,abf-5,0,1,0.0,0,1
546,nhr-27,abf-6,0,1,0.0,0,1
547,nhr-27,pgp-12,0,0,0,0,0
548,nhr-27,pgp-13,0,1,0.0,0,1
549,nhr-27,rgs-2,0,23,0.0,0,23
550,nhr-27,str-123,0,0,0,0,0
551,nhr-27,str-124,0,0,0,0,0
552,nhr-27,cept-1,0,5,0.0,0,5
553,nhr-27,alh-13,0,84,0.0,0,84
554,myrf-2,arrd-28,3,513,0.005847953216374269,513,3
555,F53H4.6,F53H4.2,0,0,0,0,0
556,glo-1,R07B1.9,6,59,0.1016949152542373,14,51
557,cut-5,idpa-3,0,15,0.0,15,0
558,T10B10.8,T10B10.9,0,6,0.0,5,1
559,C36B7.4,Y1B5A.1,0,0,0,0,0
560,igcm-2,igdb-3,40,164,0.24390243902439024,134,70
561,T24C12.3,T24C12.1,0,137,0.0,137,0
562,rga-8,hst-6,0,457,0.0,0,457
563,ZC8.6,lfi-1,74,410,0.18048780487804877,377,107
564,ZK154.4,ZK154.1,36,478,0.07531380753138076,478,36
565,ZK1193.2,col-19,0,18,0.0,18,0
566,F52B10.3,B0410.1,0,384,0.0,384,0
